G Coffee @ Alam Tun Hussein Onn,1966-03-13,5
G Coffee @ Alam Tun Hussein Onn,1972-12-07,5
G Coffee @ Alam Tun Hussein Onn,1974-08-08,5
G Coffee @ Alam Tun Hussein Onn,1975-04-16,5
G Coffee @ Alam Tun Hussein Onn,1975-08-13,5
G Coffee @ Alam Tun Hussein Onn,1976-11-15,5
G Coffee @ Alam Tun Hussein Onn,1977-12-28,5
G Coffee @ Alam Tun Hussein Onn,1978-04-15,5
G Coffee @ Alam Tun Hussein Onn,1979-08-30,5
G Coffee @ Alam Tun Hussein Onn,1982-04-22,5
G Coffee @ Alam Tun Hussein Onn,1983-08-02,5
G Coffee @ Alam Tun Hussein Onn,1984-03-21,5
G Coffee @ Alam Tun Hussein Onn,1986-07-07,5
G Coffee @ Alam Tun Hussein Onn,1987-02-17,5
G Coffee @ Alam Tun Hussein Onn,1987-04-23,5
G Coffee @ Alam Tun Hussein Onn,1988-09-01,5
G Coffee @ Alam Tun Hussein Onn,1989-09-26,5
G Coffee @ Alam Tun Hussein Onn,1990-03-10,5
G Coffee @ Alam Tun Hussein Onn,1993-01-13,5
G Coffee @ Alam Tun Hussein Onn,1993-04-03,5
G Coffee @ Alam Tun Hussein Onn,1993-11-08,5
G Coffee @ Alam Tun Hussein Onn,1993-12-11,5
G Coffee @ Alam Tun Hussein Onn,1994-07-31,5
G Coffee @ Alam Tun Hussein Onn,1995-04-06,5
G Coffee @ Alam Tun Hussein Onn,1997-04-24,5
G Coffee @ Alam Tun Hussein Onn,1997-08-10,5
G Coffee @ Alam Tun Hussein Onn,1999-07-10,5
G Coffee @ Alam Tun Hussein Onn,2000-01-10,5
G Coffee @ Alam Tun Hussein Onn,2001-01-11,5
G Coffee @ Alam Tun Hussein Onn,2002-10-16,5
G Coffee @ Alam Tun Hussein Onn,2006-01-09,5
G Coffee @ Alam Tun Hussein Onn,2006-01-28,5
G Coffee @ Alam Tun Hussein Onn,1980-03-17,6
G Coffee @ Alam Tun Hussein Onn,1995-07-17,6
G Coffee @ Alam Tun Hussein Onn,1966-04-05,7
G Coffee @ Bandar Seri Mulia,1968-06-20,4
G Coffee @ Bandar Seri Mulia,1972-11-18,4
G Coffee @ Bandar Seri Mulia,1974-03-06,4
G Coffee @ Bandar Seri Mulia,1977-10-11,4
G Coffee @ Bandar Seri Mulia,1980-03-08,4
G Coffee @ Bandar Seri Mulia,1991-01-31,4
G Coffee @ Bandar Seri Mulia,1991-05-01,4
G Coffee @ Bandar Seri Mulia,1992-10-09,4
G Coffee @ Bandar Seri Mulia,1993-05-02,4
G Coffee @ Bandar Seri Mulia,1998-04-01,4
G Coffee @ Bandar Seri Mulia,1999-07-14,4
G Coffee @ Bandar Seri Mulia,2006-10-30,4
G Coffee @ Bandar Seri Mulia,1967-04-18,5
G Coffee @ Bandar Seri Mulia,1968-12-20,5
G Coffee @ Bandar Seri Mulia,1969-09-06,5
G Coffee @ Bandar Seri Mulia,1972-11-18,5
G Coffee @ Bandar Seri Mulia,1973-09-16,5
G Coffee @ Bandar Seri Mulia,1977-11-21,5
G Coffee @ Bandar Seri Mulia,1979-10-08,5
G Coffee @ Bandar Seri Mulia,1981-04-19,5
G Coffee @ Bandar Seri Mulia,1981-11-22,5
G Coffee @ Bandar Seri Mulia,1983-10-16,5
G Coffee @ Bandar Seri Mulia,1984-03-10,5
G Coffee @ Bandar Seri Mulia,1987-01-05,5
G Coffee @ Bandar Seri Mulia,1990-06-24,5
G Coffee @ Bandar Seri Mulia,1994-06-23,5
G Coffee @ Bandar Seri Mulia,1994-10-15,5
G Coffee @ Bandar Seri Mulia,1997-05-23,5
G Coffee @ Bandar Seri Mulia,1998-02-09,5
G Coffee @ Bandar Seri Mulia,2004-06-05,5
G Coffee @ Bandar Seri Mulia,2004-12-17,5
G Coffee @ Bandar Seri Mulia,2007-08-24,5
G Coffee @ Bandar Seri Mulia,2007-11-17,5
G Coffee @ Bandar Seri Mulia,1991-05-16,6
G Coffee @ Bandar Seri Mulia,2000-07-25,6
G Coffee @ Damansara Saujana,1968-08-09,5
G Coffee @ Damansara Saujana,1969-05-27,5
G Coffee @ Damansara Saujana,1971-09-28,5
G Coffee @ Damansara Saujana,1972-02-27,5
G Coffee @ Damansara Saujana,1973-06-20,5
G Coffee @ Damansara Saujana,1973-09-08,5
G Coffee @ Damansara Saujana,1974-10-24,5
G Coffee @ Damansara Saujana,1979-09-09,5
G Coffee @ Damansara Saujana,1981-09-14,5
G Coffee @ Damansara Saujana,1983-12-05,5
G Coffee @ Damansara Saujana,1985-05-01,5
G Coffee @ Damansara Saujana,1987-04-16,5
G Coffee @ Damansara Saujana,1989-03-07,5
G Coffee @ Damansara Saujana,1992-02-10,5
G Coffee @ Damansara Saujana,1992-04-16,5
G Coffee @ Damansara Saujana,1994-05-23,5
G Coffee @ Damansara Saujana,1994-11-06,5
G Coffee @ Damansara Saujana,1996-02-23,5
G Coffee @ Damansara Saujana,1996-06-18,5
G Coffee @ Damansara Saujana,1996-08-16,5
G Coffee @ Damansara Saujana,1997-11-29,5
G Coffee @ Damansara Saujana,1999-07-24,5
G Coffee @ Damansara Saujana,1999-07-26,5
G Coffee @ Damansara Saujana,2000-05-19,5
G Coffee @ Damansara Saujana,2000-05-28,5
G Coffee @ Damansara Saujana,2003-01-15,5
G Coffee @ Damansara Saujana,2004-04-01,5
G Coffee @ Damansara Saujana,2004-08-04,5
G Coffee @ Damansara Saujana,2005-03-23,5
G Coffee @ Damansara Saujana,2006-01-19,5
G Coffee @ Damansara Saujana,2007-07-14,5
G Coffee @ Damansara Saujana,2007-10-22,5
G Coffee @ Damansara Saujana,1967-05-21,6
G Coffee @ Damansara Saujana,1973-05-28,6
G Coffee @ Damansara Saujana,1986-01-03,6
G Coffee @ Kampung Changkat,1965-10-04,5
G Coffee @ Kampung Changkat,1968-03-31,5
G Coffee @ Kampung Changkat,1970-01-03,5
G Coffee @ Kampung Changkat,1970-08-29,5
G Coffee @ Kampung Changkat,1973-05-04,5
G Coffee @ Kampung Changkat,1973-08-12,5
G Coffee @ Kampung Changkat,1973-12-30,5
G Coffee @ Kampung Changkat,1974-01-28,5
G Coffee @ Kampung Changkat,1977-12-26,5
G Coffee @ Kampung Changkat,1978-01-22,5
G Coffee @ Kampung Changkat,1978-10-17,5
G Coffee @ Kampung Changkat,1979-09-07,5
G Coffee @ Kampung Changkat,1980-03-19,5
G Coffee @ Kampung Changkat,1982-05-01,5
G Coffee @ Kampung Changkat,1986-06-05,5
G Coffee @ Kampung Changkat,1987-03-12,5
G Coffee @ Kampung Changkat,1987-06-18,5
G Coffee @ Kampung Changkat,1988-05-22,5
G Coffee @ Kampung Changkat,1990-07-17,5
G Coffee @ Kampung Changkat,1994-12-10,5
G Coffee @ Kampung Changkat,1995-04-26,5
G Coffee @ Kampung Changkat,1996-01-27,5
G Coffee @ Kampung Changkat,1996-06-07,5
G Coffee @ Kampung Changkat,1997-10-22,5
G Coffee @ Kampung Changkat,2001-06-08,5
G Coffee @ Kampung Changkat,2002-03-07,5
G Coffee @ Kampung Changkat,2003-11-01,5
G Coffee @ Kampung Changkat,2004-01-18,5
G Coffee @ Kampung Changkat,2005-06-25,5
G Coffee @ Kampung Changkat,2005-09-09,5
G Coffee @ Kampung Changkat,2006-06-19,5
G Coffee @ Kampung Changkat,2007-04-22,5
G Coffee @ Kampung Changkat,2009-03-05,5
G Coffee @ Kampung Changkat,1985-09-07,6
G Coffee @ Kampung Changkat,1989-09-14,6
G Coffee @ Kondominium Putra,1999-06-05,4
G Coffee @ Kondominium Putra,2003-11-19,4
G Coffee @ Kondominium Putra,1964-10-25,5
G Coffee @ Kondominium Putra,1964-11-06,5
G Coffee @ Kondominium Putra,1969-07-05,5
G Coffee @ Kondominium Putra,1971-07-13,5
G Coffee @ Kondominium Putra,1974-10-12,5
G Coffee @ Kondominium Putra,1975-01-05,5
G Coffee @ Kondominium Putra,1975-10-25,5
G Coffee @ Kondominium Putra,1976-04-26,5
G Coffee @ Kondominium Putra,1977-07-20,5
G Coffee @ Kondominium Putra,1979-04-22,5
G Coffee @ Kondominium Putra,1979-06-28,5
G Coffee @ Kondominium Putra,1980-04-10,5
G Coffee @ Kondominium Putra,1981-09-15,5
G Coffee @ Kondominium Putra,1981-12-16,5
G Coffee @ Kondominium Putra,1984-07-11,5
G Coffee @ Kondominium Putra,1985-02-07,5
G Coffee @ Kondominium Putra,1985-06-22,5
G Coffee @ Kondominium Putra,1985-07-01,5
G Coffee @ Kondominium Putra,1987-12-12,5
G Coffee @ Kondominium Putra,1988-10-29,5
G Coffee @ Kondominium Putra,1989-11-10,5
G Coffee @ Kondominium Putra,1991-10-19,5
G Coffee @ Kondominium Putra,1993-08-20,5
G Coffee @ Kondominium Putra,1993-12-26,5
G Coffee @ Kondominium Putra,1994-09-08,5
G Coffee @ Kondominium Putra,2003-10-19,5
G Coffee @ Kondominium Putra,2005-02-21,5
G Coffee @ Kondominium Putra,2007-11-30,5
G Coffee @ Kondominium Putra,2008-09-24,5
G Coffee @ Kondominium Putra,2009-04-09,5
G Coffee @ Kondominium Putra,2009-05-22,5
G Coffee @ Kondominium Putra,2009-05-22,5
G Coffee @ Kondominium Putra,1987-12-20,6
G Coffee @ PJS8,1966-02-22,5
G Coffee @ PJS8,1972-04-20,5
G Coffee @ PJS8,1972-08-03,5
G Coffee @ PJS8,1974-06-15,5
G Coffee @ PJS8,1976-08-05,5
G Coffee @ PJS8,1978-06-06,5
G Coffee @ PJS8,1978-11-19,5
G Coffee @ PJS8,1979-07-31,5
G Coffee @ PJS8,1981-06-14,5
G Coffee @ PJS8,1982-11-22,5
G Coffee @ PJS8,1984-03-30,5
G Coffee @ PJS8,1984-05-05,5
G Coffee @ PJS8,1985-04-07,5
G Coffee @ PJS8,1985-07-07,5
G Coffee @ PJS8,1985-10-08,5
G Coffee @ PJS8,1987-12-29,5
G Coffee @ PJS8,1988-02-17,5
G Coffee @ PJS8,1988-03-18,5
G Coffee @ PJS8,1988-04-17,5
G Coffee @ PJS8,1988-12-15,5
G Coffee @ PJS8,1989-10-19,5
G Coffee @ PJS8,1990-06-01,5
G Coffee @ PJS8,1992-07-16,5
G Coffee @ PJS8,1996-04-02,5
G Coffee @ PJS8,1997-05-14,5
G Coffee @ PJS8,1997-12-11,5
G Coffee @ PJS8,1999-09-16,5
G Coffee @ PJS8,2002-03-31,5
G Coffee @ PJS8,2002-04-18,5
G Coffee @ PJS8,2004-04-08,5
G Coffee @ PJS8,2006-09-18,5
G Coffee @ PJS8,2009-01-02,5
G Coffee @ PJS8,1985-11-20,6
G Coffee @ PJS8,1997-10-26,6
G Coffee @ PJS8,2004-06-20,6
G Coffee @ Seksyen 21,1966-06-25,5
G Coffee @ Seksyen 21,1969-03-15,5
G Coffee @ Seksyen 21,1969-04-05,5
G Coffee @ Seksyen 21,1970-11-22,5
G Coffee @ Seksyen 21,1971-03-07,5
G Coffee @ Seksyen 21,1972-06-15,5
G Coffee @ Seksyen 21,1972-08-09,5
G Coffee @ Seksyen 21,1977-06-12,5
G Coffee @ Seksyen 21,1977-07-24,5
G Coffee @ Seksyen 21,1977-11-17,5
G Coffee @ Seksyen 21,1981-08-08,5
G Coffee @ Seksyen 21,1982-06-18,5
G Coffee @ Seksyen 21,1987-11-20,5
G Coffee @ Seksyen 21,1991-01-28,5
G Coffee @ Seksyen 21,1993-11-20,5
G Coffee @ Seksyen 21,1997-01-09,5
G Coffee @ Seksyen 21,1997-02-08,5
G Coffee @ Seksyen 21,1998-06-05,5
G Coffee @ Seksyen 21,1998-10-02,5
G Coffee @ Seksyen 21,1999-02-13,5
G Coffee @ Seksyen 21,1999-03-25,5
G Coffee @ Seksyen 21,1999-08-21,5
G Coffee @ Seksyen 21,1999-12-20,5
G Coffee @ Seksyen 21,2000-08-21,5
G Coffee @ Seksyen 21,2000-12-12,5
G Coffee @ Seksyen 21,2001-09-03,5
G Coffee @ Seksyen 21,2002-12-15,5
G Coffee @ Seksyen 21,2006-10-04,5
G Coffee @ Seksyen 21,2006-11-16,5
G Coffee @ Seksyen 21,2007-10-30,5
G Coffee @ Seksyen 21,1969-08-26,6
G Coffee @ Seksyen 21,1972-03-19,6
G Coffee @ Seksyen 21,1980-01-16,6
G Coffee @ Seksyen 21,1984-09-06,6
G Coffee @ Seksyen 21,2004-12-23,6
G Coffee @ Taman Damansara,1965-03-28,5
G Coffee @ Taman Damansara,1965-07-04,5
G Coffee @ Taman Damansara,1965-07-07,5
G Coffee @ Taman Damansara,1965-12-27,5
G Coffee @ Taman Damansara,1966-04-11,5
G Coffee @ Taman Damansara,1967-08-23,5
G Coffee @ Taman Damansara,1967-11-16,5
G Coffee @ Taman Damansara,1969-07-03,5
G Coffee @ Taman Damansara,1970-06-19,5
G Coffee @ Taman Damansara,1971-09-27,5
G Coffee @ Taman Damansara,1973-07-08,5
G Coffee @ Taman Damansara,1973-10-30,5
G Coffee @ Taman Damansara,1975-07-28,5
G Coffee @ Taman Damansara,1979-05-26,5
G Coffee @ Taman Damansara,1982-03-29,5
G Coffee @ Taman Damansara,1982-11-26,5
G Coffee @ Taman Damansara,1983-02-17,5
G Coffee @ Taman Damansara,1983-11-27,5
G Coffee @ Taman Damansara,1984-07-09,5
G Coffee @ Taman Damansara,1985-02-19,5
G Coffee @ Taman Damansara,1985-09-04,5
G Coffee @ Taman Damansara,1986-09-28,5
G Coffee @ Taman Damansara,1989-04-09,5
G Coffee @ Taman Damansara,1989-06-04,5
G Coffee @ Taman Damansara,1991-06-22,5
G Coffee @ Taman Damansara,1991-10-17,5
G Coffee @ Taman Damansara,1992-10-05,5
G Coffee @ Taman Damansara,1994-07-10,5
G Coffee @ Taman Damansara,1994-11-10,5
G Coffee @ Taman Damansara,1998-03-26,5
G Coffee @ Taman Damansara,1998-05-06,5
G Coffee @ Taman Damansara,1998-05-08,5
G Coffee @ Taman Damansara,2000-03-19,5
G Coffee @ Taman Damansara,2008-02-18,5
G Coffee @ Taman Damansara,2005-08-19,5
G Coffee @ Taman Damansara,1969-07-26,5
G Coffee @ Taman Damansara,1974-04-19,5
G Coffee @ Taman Damansara,1991-02-08,6
G Coffee @ USJ 57W,1967-09-17,4
G Coffee @ USJ 57W,1974-03-22,4
G Coffee @ USJ 57W,1989-09-11,4
G Coffee @ USJ 57W,1996-07-10,4
G Coffee @ USJ 57W,1997-05-23,4
G Coffee @ USJ 57W,1964-07-21,5
G Coffee @ USJ 57W,1966-11-15,5
G Coffee @ USJ 57W,1967-07-28,5
G Coffee @ USJ 57W,1971-02-01,5
G Coffee @ USJ 57W,1972-07-07,5
G Coffee @ USJ 57W,1973-03-04,5
G Coffee @ USJ 57W,1974-02-28,5
G Coffee @ USJ 57W,1975-07-19,5
G Coffee @ USJ 57W,1976-03-05,5
G Coffee @ USJ 57W,1978-08-25,5
G Coffee @ USJ 57W,1979-12-07,5
G Coffee @ USJ 57W,1980-12-17,5
G Coffee @ USJ 57W,1983-03-31,5
G Coffee @ USJ 57W,1984-06-05,5
G Coffee @ USJ 57W,1989-08-19,5
G Coffee @ USJ 57W,1991-02-22,5
G Coffee @ USJ 57W,1992-05-30,5
G Coffee @ USJ 57W,1993-02-13,5
G Coffee @ USJ 57W,1997-03-03,5
G Coffee @ USJ 57W,1997-10-02,5
G Coffee @ USJ 57W,1997-11-28,5
G Coffee @ USJ 57W,1998-10-26,5
G Coffee @ USJ 57W,2001-02-20,5
G Coffee @ USJ 57W,2003-09-22,5
G Coffee @ USJ 57W,2007-05-10,5
G Coffee @ USJ 57W,2007-12-16,5
G Coffee @ USJ 57W,2008-03-08,5
G Coffee @ USJ 57W,1979-09-12,6
G Coffee @ USJ 57W,1990-05-04,6
G Coffee @ USJ 57W,2009-03-17,6
G Coffee @ USJ 89q,1965-11-16,5
G Coffee @ USJ 89q,1966-04-12,5
G Coffee @ USJ 89q,1966-12-04,5
G Coffee @ USJ 89q,1966-12-23,5
G Coffee @ USJ 89q,1967-12-14,5
G Coffee @ USJ 89q,1968-06-08,5
G Coffee @ USJ 89q,1970-05-14,5
G Coffee @ USJ 89q,1975-04-04,5
G Coffee @ USJ 89q,1976-12-29,5
G Coffee @ USJ 89q,1977-11-30,5
G Coffee @ USJ 89q,1979-08-28,5
G Coffee @ USJ 89q,1980-12-08,5
G Coffee @ USJ 89q,1983-01-26,5
G Coffee @ USJ 89q,1985-01-09,5
G Coffee @ USJ 89q,1985-07-30,5
G Coffee @ USJ 89q,1988-02-29,5
G Coffee @ USJ 89q,1988-09-21,5
G Coffee @ USJ 89q,1989-09-01,5
G Coffee @ USJ 89q,1991-06-16,5
G Coffee @ USJ 89q,1994-01-27,5
G Coffee @ USJ 89q,1994-04-04,5
G Coffee @ USJ 89q,1994-06-22,5
G Coffee @ USJ 89q,1994-07-02,5
G Coffee @ USJ 89q,1995-02-11,5
G Coffee @ USJ 89q,1995-07-25,5
G Coffee @ USJ 89q,1996-05-29,5
G Coffee @ USJ 89q,1996-11-22,5
G Coffee @ USJ 89q,2000-03-16,5
G Coffee @ USJ 89q,2000-10-06,5
G Coffee @ USJ 89q,2006-04-03,5
G Coffee @ USJ 89q,2006-11-25,5
G Coffee @ USJ 89q,2008-05-26,5
G Coffee @ USJ 89q,2008-11-22,5
G Coffee @ USJ 89q,1964-11-24,6
G Coffee @ USJ 89q,1988-03-11,6
